486,0.072265625,1.056640625,0.4375,0.0,10,1717160186164
486,0.037109375,0.94140625,0.716796875,0.0,34,1717160186164
486,0.0,0.943359375,0.775390625,0.0,54,1717160186164
486,-0.1171875,0.998046875,0.759765625,0.0,49,1717160186164
486,0.283203125,1.234375,0.28515625,0.0,35,1717160186164
486,0.333984375,1.25,0.333984375,0.0,21,1717160186164
486,0.037109375,0.873046875,0.796875,0.12520644037889672,18,1717160186164
486,0.0,0.830078125,0.896484375,0.12520644037889672,28,1717160186164
486,-0.1171875,0.91796875,0.85546875,0.12520644037889672,25,1717160186164
486,0.283203125,1.220703125,0.337890625,0.12520644037889672,19,1717160186164
486,-0.1484375,0.451171875,1.083984375,0.6260322018944836,17,1717160186164
486,-0.15234375,0.0,-1.220703125,0.6260322018944836,31,1717160186164
486,-0.158203125,0.431640625,-1.173828125,0.6260322018944836,30,1717160186164
486,-0.244140625,0.408203125,1.20703125,0.6260322018944836,23,1717160186164
486,-0.138671875,0.50390625,0.9765625,0.7512386422733803,31,1717160186164
486,-0.107421875,0.146484375,-1.130859375,0.7512386422733803,171,1717160186164
486,-0.111328125,0.099609375,-1.173828125,0.7512386422733803,387,1717160186164
486,-0.15234375,0.361328125,1.15625,0.7512386422733803,414,1717160186164
486,-0.158203125,0.998046875,0.751953125,0.7512386422733803,193,1717160186164
486,0.12109375,1.140625,-0.607421875,0.7512386422733803,67,1717160186164
486,-0.25,0.306640625,1.275390625,0.7512386422733803,106,1717160186164
486,-0.21484375,0.37109375,-1.3046875,0.7512386422733803,105,1717160186164
486,-0.220703125,0.0,-1.396484375,0.7512386422733803,52,1717160186164
486,-0.103515625,0.537109375,0.962890625,0.876445082652277,71,1717160186164
486,-0.107421875,0.36328125,-1.080078125,0.876445082652277,361,1717160186164
486,-0.111328125,0.43359375,-1.095703125,0.876445082652277,813,1717160186164
486,-0.115234375,0.2890625,-1.181640625,0.876445082652277,910,1717160186164
486,-0.158203125,0.65234375,1.06640625,0.876445082652277,498,1717160186164
486,0.12109375,1.1015625,-0.67578125,0.876445082652277,314,1717160186164
486,-0.25,0.4375,1.23828125,0.876445082652277,356,1717160186164
486,-0.21484375,0.29296875,-1.326171875,0.876445082652277,297,1717160186164
486,-0.220703125,0.39453125,-1.337890625,0.876445082652277,141,1717160186164
486,0.3671875,0.861328125,-0.515625,-1.0016515230311738,20,1717160186164
486,0.068359375,1.1015625,-0.095703125,-1.0016515230311738,54,1717160186164
486,0.072265625,1.13671875,0.11328125,-1.0016515230311738,282,1717160186164
486,0.07421875,1.16796875,0.171875,-1.0016515230311738,687,1717160186164
486,0.0390625,1.212890625,0.142578125,-1.0016515230311738,817,1717160186164
486,0.0,1.2578125,-0.072265625,-1.0016515230311738,488,1717160186164
486,0.244140625,1.244140625,0.28125,-1.0016515230311738,572,1717160186164
486,-0.16796875,1.294921875,-0.2890625,-1.0016515230311738,403,1717160186164
486,-0.12890625,1.3671875,-0.04296875,-1.0016515230311738,362,1717160186164
486,-0.087890625,1.408203125,0.078125,-1.0016515230311738,195,1717160186164
486,0.310546875,1.001953125,-0.35546875,-0.876445082652277,28,1717160186164
486,0.142578125,1.130859375,0.11328125,-0.876445082652277,69,1717160186164
486,0.111328125,1.15234375,0.24609375,-0.876445082652277,164,1717160186164
486,0.115234375,1.16796875,0.33984375,-0.876445082652277,174,1717160186164
486,0.275390625,1.19921875,0.26953125,-0.876445082652277,377,1717160186164
486,0.283203125,1.2578125,0.140625,-0.876445082652277,566,1717160186164
486,0.25,1.30078125,0.16796875,-0.876445082652277,361,1717160186164
486,-0.04296875,1.373046875,0.001953125,-0.876445082652277,165,1717160186164
486,-0.087890625,1.40625,-0.10546875,-0.876445082652277,99,1717160186164
486,0.22265625,1.15234375,-0.15234375,-0.7512386422733803,38,1717160186164
486,0.267578125,1.171875,-0.22265625,-0.7512386422733803,88,1717160186164
486,0.275390625,1.216796875,0.17578125,-0.7512386422733803,151,1717160186164
486,0.32421875,1.251953125,0.1171875,-0.7512386422733803,197,1717160186164
486,0.29296875,1.302734375,0.05859375,-0.7512386422733803,141,1717160186164
486,0.12890625,1.365234375,0.08203125,-0.7512386422733803,48,1717160186164
486,-0.185546875,1.060546875,-0.490234375,-0.6260322018944836,16,1717160186164
486,-0.228515625,1.12890625,-0.408203125,-0.6260322018944836,46,1717160186164
486,-0.197265625,1.189453125,-0.3671875,-0.6260322018944836,70,1717160186164
486,-0.244140625,1.234375,-0.318359375,-0.6260322018944836,51,1717160186164
486,-0.19140625,1.123046875,-0.44140625,-0.5008257615155869,23,1717160186164
486,-0.158203125,1.173828125,-0.4296875,-0.5008257615155869,32,1717160186164
486,-0.162109375,1.220703125,-0.412109375,-0.5008257615155869,22,1717160186164
488,-0.064453125,0.888671875,0.517578125,0.0,19,1717160186265
488,0.0,0.927734375,0.53125,0.0,53,1717160186265
488,-0.03515625,0.98046875,0.515625,0.0,70,1717160186265
488,-0.107421875,0.994140625,0.560546875,0.0,47,1717160186265
488,-0.185546875,0.94921875,0.681640625,0.0,42,1717160186265
488,-0.228515625,0.970703125,0.705078125,0.0,29,1717160186265
488,-0.033203125,0.884765625,0.59765625,0.12520644037889672,27,1717160186265
488,-0.03515625,0.9375,0.587890625,0.12520644037889672,34,1717160186265
488,-0.142578125,0.91015625,0.681640625,0.12520644037889672,22,1717160186265
488,-0.22265625,0.8515625,0.791015625,0.12520644037889672,21,1717160186265
488,0.171875,0.7890625,-1.111328125,0.12520644037889672,18,1717160186265
488,0.17578125,0.7734375,-1.16796875,0.12520644037889672,18,1717160186265
488,-0.068359375,0.8515625,0.703125,0.37561932113669017,18,1717160186265
488,-0.107421875,0.931640625,0.65625,0.37561932113669017,17,1717160186265
488,-0.095703125,0.767578125,0.681640625,0.5008257615155869,21,1717160186265
488,-0.06640625,0.771484375,0.73828125,0.5008257615155869,55,1717160186265
488,-0.068359375,0.80078125,0.76171875,0.5008257615155869,81,1717160186265
488,-0.107421875,0.84765625,0.76171875,0.5008257615155869,64,1717160186265
488,-0.111328125,0.916015625,0.740234375,0.5008257615155869,24,1717160186265
488,-0.0625,0.615234375,0.77734375,0.6260322018944836,21,1717160186265
488,-0.064453125,0.435546875,0.931640625,0.6260322018944836,100,1717160186265
488,-0.06640625,0.345703125,1.009765625,0.6260322018944836,224,1717160186265
488,0.0,0.248046875,-1.078125,0.6260322018944836,232,1717160186265
488,0.072265625,0.53125,-1.01171875,0.6260322018944836,152,1717160186265
488,-0.294921875,0.46484375,1.046875,0.6260322018944836,133,1717160186265
488,-0.34375,0.0,1.185546875,0.6260322018944836,60,1717160186265
488,0.158203125,1.103515625,0.587890625,0.6260322018944836,49,1717160186265
488,-0.0625,0.4375,0.888671875,0.7512386422733803,54,1717160186265
488,-0.064453125,0.326171875,0.9765625,0.7512386422733803,391,1717160186265
488,-0.06640625,0.287109375,1.02734375,0.7512386422733803,1077,1717160186265
488,-0.03515625,0.388671875,1.03515625,0.7512386422733803,1505,1717160186265
488,0.0,0.67578125,0.923828125,0.7512386422733803,1085,1717160186265
488,-0.111328125,0.751953125,0.908203125,0.7512386422733803,404,1717160186265
488,-0.267578125,0.62109375,1.017578125,0.7512386422733803,196,1717160186265
488,0.197265625,1.025390625,-0.705078125,0.7512386422733803,188,1717160186265
488,0.244140625,0.767578125,1.017578125,0.7512386422733803,129,1717160186265
488,-0.09375,0.220703125,0.962890625,0.876445082652277,52,1717160186265
488,-0.064453125,0.185546875,-1.01171875,0.876445082652277,442,1717160186265
488,-0.033203125,0.234375,-1.04296875,0.876445082652277,1402,1717160186265
488,-0.03515625,0.166015625,1.09375,0.876445082652277,2106,1717160186265
488,-0.03515625,0.482421875,1.037109375,0.876445082652277,1705,1717160186265
488,-0.111328125,0.669921875,0.96875,0.876445082652277,727,1717160186265
488,0.228515625,0.9609375,-0.71875,0.876445082652277,441,1717160186265
488,0.236328125,0.60546875,-1.080078125,0.876445082652277,410,1717160186265
488,0.203125,0.365234375,1.228515625,0.876445082652277,214,1717160186265
488,0.095703125,1.01953125,0.111328125,-1.0016515230311738,179,1717160186265
488,0.099609375,1.056640625,0.119140625,-1.0016515230311738,633,1717160186265
488,0.103515625,1.09765625,0.08984375,-1.0016515230311738,1046,1717160186265
488,0.072265625,1.142578125,0.029296875,-1.0016515230311738,894,1717160186265
488,0.037109375,1.173828125,-0.15234375,-1.0016515230311738,476,1717160186265
488,0.34375,1.171875,0.01171875,-1.0016515230311738,488,1717160186265
488,0.353515625,1.208984375,-0.025390625,-1.0016515230311738,415,1717160186265
488,0.365234375,1.244140625,-0.052734375,-1.0016515230311738,169,1717160186265
488,0.1328125,1.015625,0.3046875,-0.876445082652277,20,1717160186265
488,0.03515625,0.921875,0.611328125,-0.876445082652277,39,1717160186265
488,0.0,0.853515625,0.763671875,-0.876445082652277,71,1717160186265
488,0.369140625,1.123046875,0.046875,-0.876445082652277,161,1717160186265
488,0.34375,1.169921875,0.068359375,-0.876445082652277,299,1717160186265
488,0.314453125,1.21875,0.056640625,-0.876445082652277,241,1717160186265
488,0.365234375,1.244140625,0.044921875,-0.876445082652277,83,1717160186265
488,0.341796875,0.798828125,-0.48046875,-0.7512386422733803,19,1717160186265
488,0.322265625,0.873046875,-0.443359375,-0.7512386422733803,25,1717160186265
488,0.30078125,0.951171875,-0.380859375,-0.7512386422733803,18,1717160186265
488,0.310546875,1.037109375,-0.232421875,-0.7512386422733803,22,1717160186265
490,0.029296875,0.84765625,0.439453125,0.0,42,1717160186367
490,0.03125,0.8828125,0.453125,0.0,99,1717160186367
490,0.064453125,0.8828125,0.52734375,0.0,103,1717160186367
490,0.099609375,0.810546875,0.689453125,0.0,65,1717160186367
490,0.138671875,0.314453125,1.052734375,0.0,35,1717160186367
490,0.21484375,0.69140625,0.88671875,0.0,24,1717160186367
490,0.029296875,0.822265625,0.484375,0.12520644037889672,23,1717160186367
490,0.03125,0.85546875,0.50390625,0.12520644037889672,53,1717160186367
490,0.03125,0.8515625,0.580078125,0.12520644037889672,54,1717160186367
490,0.06640625,0.7421875,0.767578125,0.12520644037889672,32,1717160186367
490,-0.2578125,0.564453125,0.82421875,0.5008257615155869,33,1717160186367
490,-0.267578125,0.609375,0.8359375,0.5008257615155869,65,1717160186367
490,-0.27734375,0.626953125,0.869140625,0.5008257615155869,56,1717160186367
490,-0.287109375,0.568359375,0.951171875,0.5008257615155869,23,1717160186367
490,-0.185546875,0.505859375,0.833984375,0.6260322018944836,61,1717160186367
490,-0.224609375,0.517578125,0.861328125,0.6260322018944836,241,1717160186367
490,-0.267578125,0.5,0.90625,0.6260322018944836,433,1717160186367
490,-0.27734375,0.482421875,0.95703125,0.6260322018944836,383,1717160186367
490,-0.287109375,0.453125,1.01171875,0.6260322018944836,156,1717160186367
490,-0.33203125,0.4609375,1.0390625,0.6260322018944836,25,1717160186367
490,0.0,0.59765625,0.744140625,0.7512386422733803,18,1717160186367
490,-0.248046875,0.337890625,-0.900390625,0.7512386422733803,102,1717160186367
490,-0.2578125,0.0,1.013671875,0.7512386422733803,345,1717160186367
490,-0.267578125,0.048828125,1.033203125,0.7512386422733803,547,1717160186367
490,-0.310546875,0.0,1.103515625,0.7512386422733803,425,1717160186367
490,-0.357421875,0.2578125,-1.056640625,0.7512386422733803,150,1717160186367
490,-0.111328125,1.013671875,0.599609375,0.7512386422733803,34,1717160186367
490,0.0,0.59765625,0.64453125,0.876445082652277,26,1717160186367
490,0.0,0.478515625,0.78125,0.876445082652277,96,1717160186367
490,-0.029296875,0.525390625,0.794921875,0.876445082652277,409,1717160186367
490,-0.03125,0.5625,0.818359375,0.876445082652277,748,1717160186367
490,0.0,0.650390625,0.80078125,0.876445082652277,644,1717160186367
490,0.033203125,0.81640625,0.689453125,0.876445082652277,332,1717160186367
490,0.068359375,0.943359375,0.57421875,0.876445082652277,183,1717160186367
490,-0.1796875,0.955078125,0.60546875,0.876445082652277,169,1717160186367
490,0.259765625,1.115234375,-0.30078125,0.876445082652277,68,1717160186367
490,0.109375,0.845703125,-0.208984375,-1.0016515230311738,29,1717160186367
490,0.0859375,0.90234375,-0.130859375,-1.0016515230311738,227,1717160186367
490,0.08984375,0.947265625,-0.076171875,-1.0016515230311738,941,1717160186367
490,0.09375,0.986328125,-0.048828125,-1.0016515230311738,1687,1717160186367
490,0.064453125,1.02734375,-0.029296875,-1.0016515230311738,1398,1717160186367
490,0.06640625,1.06640625,-0.04296875,-1.0016515230311738,445,1717160186367
490,-0.138671875,0.69921875,0.84765625,-1.0016515230311738,165,1717160186367
490,0.0,1.1328125,0.171875,-1.0016515230311738,190,1717160186367
490,0.0859375,0.912109375,-0.037109375,-0.876445082652277,168,1717160186367
490,0.08984375,0.94921875,0.0390625,-0.876445082652277,695,1717160186367
490,0.09375,0.984375,0.08203125,-0.876445082652277,1228,1717160186367
490,0.064453125,1.021484375,0.12109375,-0.876445082652277,956,1717160186367
490,0.333984375,0.98046875,-0.26171875,-0.876445082652277,395,1717160186367
490,0.27734375,1.068359375,0.08984375,-0.876445082652277,482,1717160186367
490,0.322265625,1.09765625,0.056640625,-0.876445082652277,466,1717160186367
490,0.294921875,1.14453125,0.0703125,-0.876445082652277,288,1717160186367
490,0.267578125,1.19140625,-0.04296875,-0.876445082652277,100,1717160186367
490,0.0859375,0.904296875,0.12109375,-0.7512386422733803,43,1717160186367
490,0.1484375,0.935546875,0.107421875,-0.7512386422733803,223,1717160186367
490,0.154296875,0.974609375,0.107421875,-0.7512386422733803,499,1717160186367
490,0.193359375,1.009765625,0.07421875,-0.7512386422733803,529,1717160186367
490,0.267578125,1.033203125,0.044921875,-0.7512386422733803,417,1717160186367
490,0.310546875,1.05859375,0.0859375,-0.7512386422733803,616,1717160186367
490,0.322265625,1.09375,0.1015625,-0.7512386422733803,661,1717160186367
490,0.33203125,1.130859375,0.095703125,-0.7512386422733803,362,1717160186367
490,0.267578125,1.19140625,-0.009765625,-0.7512386422733803,87,1717160186367
490,0.1484375,0.93359375,0.126953125,-0.6260322018944836,56,1717160186367
490,0.125,0.97265625,0.154296875,-0.6260322018944836,126,1717160186367
492,0.0,0.712890625,0.3671875,0.0,16,1717160186468
492,0.0,0.73046875,0.416015625,0.0,61,1717160186468
492,0.0,0.734375,0.48046875,0.0,105,1717160186468
492,-0.029296875,0.65625,0.638671875,0.0,93,1717160186468
492,0.0,0.8515625,-0.431640625,0.0,55,1717160186468
492,0.0,0.830078125,-0.54296875,0.0,22,1717160186468
492,0.322265625,0.9453125,0.251953125,0.0,25,1717160186468
492,0.30078125,0.982421875,0.29296875,0.0,36,1717160186468
492,0.310546875,1.01953125,0.296875,0.0,28,1717160186468
492,0.0,0.703125,0.458984375,0.12520644037889672,33,1717160186468
492,0.0,0.701171875,0.529296875,0.12520644037889672,57,1717160186468
492,-0.056640625,0.638671875,0.654296875,0.12520644037889672,51,1717160186468
492,-0.029296875,0.75390625,-0.583984375,0.12520644037889672,32,1717160186468
492,-0.19140625,0.796875,0.314453125,0.37561932113669017,24,1717160186468
492,-0.2578125,0.759765625,0.44140625,0.37561932113669017,51,1717160186468
492,-0.267578125,0.76171875,0.5078125,0.37561932113669017,54,1717160186468
492,-0.279296875,0.712890625,0.6328125,0.37561932113669017,34,1717160186468
492,0.0,0.98046875,1.41015625,0.37561932113669017,21,1717160186468
492,0.0,1.03515625,1.419921875,0.37561932113669017,24,1717160186468
492,-0.0703125,1.849609375,1.283203125,0.37561932113669017,33,1717160186468
492,-0.08203125,0.763671875,-0.427734375,0.5008257615155869,49,1717160186468
492,0.0,0.85546875,-0.330078125,0.5008257615155869,74,1717160186468
492,-0.267578125,0.46875,0.787109375,0.5008257615155869,142,1717160186468
492,-0.279296875,0.541015625,0.783203125,0.5008257615155869,130,1717160186468
492,-0.2578125,0.607421875,0.791015625,0.5008257615155869,49,1717160186468
492,-0.236328125,0.154296875,0.791015625,0.6260322018944836,18,1717160186468
492,-0.21875,0.224609375,0.8203125,0.6260322018944836,123,1717160186468
492,-0.228515625,0.306640625,0.83203125,0.6260322018944836,354,1717160186468
492,-0.23828125,0.375,0.84375,0.6260322018944836,500,1717160186468
492,-0.248046875,0.44140625,0.853515625,0.6260322018944836,369,1717160186468
492,-0.2578125,0.509765625,0.857421875,0.6260322018944836,118,1717160186468
492,0.1328125,1.037109375,0.224609375,0.6260322018944836,23,1717160186468
492,-0.24609375,0.3984375,0.7421875,0.7512386422733803,96,1717160186468
492,-0.228515625,0.244140625,0.853515625,0.7512386422733803,336,1717160186468
492,-0.23828125,0.197265625,0.90234375,0.7512386422733803,523,1717160186468
492,-0.248046875,0.19921875,0.939453125,0.7512386422733803,388,1717160186468
492,0.095703125,1.009765625,-0.177734375,0.7512386422733803,157,1717160186468
492,0.06640625,1.064453125,-0.07421875,0.7512386422733803,52,1717160186468
492,0.078125,0.66015625,0.51171875,0.876445082652277,33,1717160186468
492,-0.1640625,0.470703125,-0.72265625,0.876445082652277,164,1717160186468
492,-0.171875,0.45703125,-0.775390625,0.876445082652277,316,1717160186468
492,-0.1796875,0.556640625,-0.75390625,0.876445082652277,230,1717160186468
492,0.03125,0.9921875,-0.005859375,0.876445082652277,190,1717160186468
492,-0.03125,0.537109375,0.87890625,0.876445082652277,178,1717160186468
492,-0.06640625,0.498046875,-0.943359375,0.876445082652277,76,1717160186468
492,0.07421875,0.796875,-0.05078125,-1.0016515230311738,75,1717160186468
492,0.078125,0.8359375,-0.02734375,-1.0016515230311738,313,1717160186468
492,0.02734375,0.876953125,0.021484375,-1.0016515230311738,597,1717160186468
492,-0.029296875,0.912109375,0.080078125,-1.0016515230311738,662,1717160186468
492,-0.060546875,0.951171875,0.037109375,-1.0016515230311738,457,1717160186468
492,0.0,0.96875,-0.2109375,-1.0016515230311738,287,1717160186468
492,0.0,1.025390625,-0.10546875,-1.0016515230311738,186,1717160186468
492,0.033203125,1.060546875,-0.12109375,-1.0016515230311738,76,1717160186468
492,0.05078125,0.80078125,-0.017578125,-0.876445082652277,257,1717160186468
492,0.078125,0.8359375,-0.025390625,-0.876445082652277,1041,1717160186468
492,0.0546875,0.873046875,-0.0859375,-0.876445082652277,1739,1717160186468
492,0.056640625,0.904296875,-0.12890625,-0.876445082652277,1695,1717160186468
492,0.08984375,0.947265625,-0.07421875,-0.876445082652277,1393,1717160186468
492,0.09375,0.984375,0.078125,-0.876445082652277,801,1717160186468
492,0.095703125,1.0234375,0.0703125,-0.876445082652277,371,1717160186468
492,0.06640625,1.06640625,0.0078125,-0.876445082652277,145,1717160186468
492,0.05078125,0.80078125,0.017578125,-0.7512386422733803,256,1717160186468
492,0.052734375,0.837890625,-0.0078125,-0.7512386422733803,1034,1717160186468
492,0.08203125,0.87109375,-0.07421875,-0.7512386422733803,1795,1717160186468
494,0.0,0.630859375,0.357421875,0.0,8,1717160186569
494,-0.046875,0.353515625,0.67578125,0.0,27,1717160186569
494,0.201171875,0.775390625,0.025390625,0.0,66,1717160186569
494,0.158203125,0.8125,0.138671875,0.0,100,1717160186569
494,0.13671875,0.83984375,0.21875,0.0,91,1717160186569
494,0.142578125,0.8515625,0.3046875,0.0,48,1717160186569
494,0.267578125,0.84765625,0.345703125,0.0,38,1717160186569
494,0.341796875,0.857421875,0.3671875,0.0,48,1717160186569
494,0.322265625,0.896484375,0.396484375,0.0,45,1717160186569
494,-0.11328125,0.482421875,0.529296875,0.12520644037889672,9,1717160186569
494,-0.095703125,0.404296875,0.640625,0.12520644037889672,23,1717160186569
494,0.201171875,0.775390625,0.0078125,0.12520644037889672,41,1717160186569
494,0.158203125,0.81640625,0.111328125,0.12520644037889672,54,1717160186569
494,0.13671875,0.830078125,0.248046875,0.12520644037889672,46,1717160186569
494,0.142578125,0.83203125,0.357421875,0.12520644037889672,25,1717160186569
494,0.310546875,0.837890625,0.431640625,0.12520644037889672,24,1717160186569
494,0.322265625,0.888671875,0.41015625,0.12520644037889672,24,1717160186569
494,-0.13671875,0.41015625,0.58203125,0.25041288075779344,17,1717160186569
494,-0.16796875,0.515625,0.537109375,0.25041288075779344,35,1717160186569
494,0.150390625,0.74609375,-0.251953125,0.25041288075779344,27,1717160186569
494,-0.26171875,0.64453125,0.470703125,0.25041288075779344,21,1717160186569
494,-0.21875,0.697265625,0.484375,0.25041288075779344,21,1717160186569
494,-0.21484375,0.544921875,0.359375,0.37561932113669017,7,1717160186569
494,-0.181640625,0.552734375,0.43359375,0.37561932113669017,32,1717160186569
494,-0.19140625,0.5859375,0.44921875,0.37561932113669017,69,1717160186569
494,0.125,0.736328125,-0.29296875,0.37561932113669017,69,1717160186569
494,0.158203125,0.767578125,-0.3046875,0.37561932113669017,36,1717160186569
494,-0.24609375,0.623046875,0.568359375,0.37561932113669017,33,1717160186569
494,0.064453125,0.75,1.919921875,0.37561932113669017,65,1717160186569
494,0.06640625,0.44140625,-2.05078125,0.37561932113669017,58,1717160186569
494,-0.171875,0.58203125,0.32421875,0.5008257615155869,8,1717160186569
494,-0.181640625,0.568359375,0.4140625,0.5008257615155869,55,1717160186569
494,-0.16796875,0.580078125,0.466796875,0.5008257615155869,153,1717160186569
494,-0.201171875,0.5703125,0.52734375,0.5008257615155869,212,1717160186569
494,-0.2109375,0.576171875,0.57421875,0.5008257615155869,141,1717160186569
494,-0.21875,0.57421875,0.626953125,0.5008257615155869,38,1717160186569
494,-0.099609375,0.552734375,1.501953125,0.5008257615155869,30,1717160186569
494,-0.103515625,0.6640625,1.498046875,0.5008257615155869,32,1717160186569
494,0.0,0.34765625,-2.03125,0.5008257615155869,83,1717160186569
494,0.06640625,0.486328125,-2.041015625,0.5008257615155869,77,1717160186569
494,0.0,0.205078125,-2.12890625,0.5008257615155869,64,1717160186569
494,-0.181640625,0.466796875,0.525390625,0.6260322018944836,65,1717160186569
494,-0.21484375,0.44140625,0.583984375,0.6260322018944836,251,1717160186569
494,-0.201171875,0.458984375,0.626953125,0.6260322018944836,440,1717160186569
494,-0.2109375,0.47265625,0.662109375,0.6260322018944836,360,1717160186569
494,-0.24609375,0.4921875,0.68359375,0.6260322018944836,130,1717160186569
494,-0.099609375,0.658203125,1.458984375,0.6260322018944836,29,1717160186569
494,-0.103515625,0.650390625,1.50390625,0.6260322018944836,37,1717160186569
494,0.12890625,0.419921875,-2.013671875,0.6260322018944836,35,1717160186569
494,0.130859375,0.197265625,-2.0859375,0.6260322018944836,47,1717160186569
494,0.06640625,0.546875,2.06640625,0.6260322018944836,49,1717160186569
494,-0.158203125,0.232421875,0.66796875,0.7512386422733803,76,1717160186569
494,-0.16796875,0.208984375,0.71484375,0.7512386422733803,454,1717160186569
494,-0.201171875,0.1875,0.75390625,0.7512386422733803,1004,1717160186569
494,-0.18359375,0.208984375,0.79296875,0.7512386422733803,1060,1717160186569
494,-0.21875,0.212890625,0.822265625,0.7512386422733803,534,1717160186569
494,0.115234375,0.900390625,-0.125,0.7512386422733803,105,1717160186569
494,-0.158203125,0.208984375,-0.67578125,0.876445082652277,80,1717160186569
494,-0.19140625,0.03515625,-0.73828125,0.876445082652277,492,1717160186569
494,-0.201171875,0.0,-0.78515625,0.876445082652277,1117,1717160186569
494,-0.18359375,0.076171875,-0.81640625,0.876445082652277,1214,1717160186569
494,-0.21875,0.0,-0.853515625,0.876445082652277,660,1717160186569
494,-0.2578125,0.140625,-0.8671875,0.876445082652277,125,1717160186569
494,-0.1484375,0.654296875,0.677734375,0.876445082652277,46,1717160186569
496,-0.041015625,0.55078125,0.341796875,0.0,19,1717160186688
496,-0.04296875,0.56640625,0.38671875,0.0,66,1717160186688
496,-0.068359375,0.6015625,0.400390625,0.0,97,1717160186688
496,0.16796875,0.71875,0.1953125,0.0,98,1717160186688
496,0.17578125,0.755859375,0.205078125,0.0,104,1717160186688
496,0.130859375,0.759765625,0.33203125,0.0,69,1717160186688
496,0.298828125,0.90234375,0.095703125,0.0,29,1717160186688
496,-0.064453125,0.5234375,0.439453125,0.12520644037889672,34,1717160186688
496,-0.068359375,0.552734375,0.462890625,0.12520644037889672,53,1717160186688
496,0.19140625,0.728515625,0.123046875,0.12520644037889672,47,1717160186688
496,0.17578125,0.7578125,0.19140625,0.12520644037889672,50,1717160186688
496,0.078125,0.728515625,0.408203125,0.12520644037889672,34,1717160186688
496,-0.072265625,0.568359375,0.029296875,0.25041288075779344,25,1717160186688
496,-0.076171875,0.599609375,0.08984375,0.25041288075779344,37,1717160186688
496,-0.08203125,0.62109375,0.169921875,0.25041288075779344,29,1717160186688
496,-0.05078125,0.53125,-0.0078125,0.37561932113669017,17,1717160186688
496,-0.072265625,0.5625,0.083984375,0.37561932113669017,53,1717160186688
496,-0.076171875,0.58203125,0.171875,0.37561932113669017,77,1717160186688
496,-0.08203125,0.58984375,0.2578125,0.37561932113669017,61,1717160186688
496,-0.107421875,0.57421875,0.361328125,0.37561932113669017,26,1717160186688
496,0.125,1.2734375,-1.517578125,0.37561932113669017,38,1717160186688
496,0.189453125,1.2890625,-1.548828125,0.37561932113669017,36,1717160186688
496,-0.052734375,0.560546875,0.107421875,0.5008257615155869,37,1717160186688
496,-0.076171875,0.572265625,0.201171875,0.5008257615155869,54,1717160186688
496,-0.060546875,0.6015625,0.234375,0.5008257615155869,38,1717160186688
496,0.0,0.58203125,0.365234375,0.5008257615155869,13,1717160186688
496,-0.142578125,0.359375,0.521484375,0.6260322018944836,31,1717160186688
496,-0.12890625,0.392578125,0.548828125,0.6260322018944836,49,1717160186688
496,-0.158203125,0.37890625,0.59765625,0.6260322018944836,43,1717160186688
496,-0.142578125,0.26171875,0.703125,0.6260322018944836,22,1717160186688
496,0.0,0.408203125,1.865234375,0.6260322018944836,43,1717160186688
496,-0.15234375,0.369140625,0.462890625,0.7512386422733803,26,1717160186688
496,-0.162109375,0.330078125,0.53515625,0.7512386422733803,102,1717160186688
496,-0.150390625,0.30859375,0.595703125,0.7512386422733803,213,1717160186688
496,-0.158203125,0.24609375,0.6640625,0.7512386422733803,234,1717160186688
496,-0.19140625,0.0,0.740234375,0.7512386422733803,142,1717160186688
496,-0.224609375,0.193359375,0.744140625,0.7512386422733803,46,1717160186688
496,0.0,0.365234375,-1.951171875,0.7512386422733803,20,1717160186688
496,0.0,0.689453125,1.90234375,0.7512386422733803,24,1717160186688
496,-0.171875,0.318359375,0.4921875,0.876445082652277,15,1717160186688
496,-0.162109375,0.32421875,0.5390625,0.876445082652277,91,1717160186688
496,-0.171875,0.275390625,0.60546875,0.876445082652277,232,1717160186688
496,-0.181640625,0.15625,0.68359375,0.876445082652277,357,1717160186688
496,-0.16796875,0.0,-0.755859375,0.876445082652277,336,1717160186688
496,-0.201171875,0.0,0.77734375,0.876445082652277,169,1717160186688
496,0.39453125,0.0859375,0.736328125,0.876445082652277,72,1717160186688
496,-0.056640625,0.59375,0.12890625,-1.0016515230311738,14,1717160186688
496,-0.01953125,0.6328125,0.14453125,-1.0016515230311738,87,1717160186688
496,0.04296875,0.666015625,0.16015625,-1.0016515230311738,204,1717160186688
496,0.0,0.716796875,0.115234375,-1.0016515230311738,641,1717160186688
496,0.0,0.755859375,0.107421875,-1.0016515230311738,929,1717160186688
496,0.025390625,0.794921875,0.095703125,-1.0016515230311738,597,1717160186688
496,0.10546875,0.83203125,0.056640625,-1.0016515230311738,253,1717160186688
496,0.13671875,0.865234375,0.0625,-1.0016515230311738,131,1717160186688
496,0.060546875,0.63671875,0.107421875,-0.876445082652277,151,1717160186688
496,0.0859375,0.67578125,0.095703125,-0.876445082652277,621,1717160186688
496,0.08984375,0.7109375,0.111328125,-0.876445082652277,1129,1717160186688
496,0.0234375,0.76171875,0.033203125,-0.876445082652277,1138,1717160186688
496,0.025390625,0.798828125,-0.060546875,-0.876445082652277,876,1717160186688
496,0.2890625,0.765625,0.1875,-0.876445082652277,629,1717160186688
496,0.19140625,0.849609375,0.107421875,-0.876445082652277,323,1717160186688
496,0.171875,0.814453125,0.380859375,-0.876445082652277,120,1717160186688
496,0.4765625,0.794921875,-0.2265625,-0.876445082652277,155,1717160186688
496,-0.0390625,1.185546875,-0.29296875,-0.876445082652277,52,1717160186688
498,0.0,0.455078125,-0.0546875,0.0,6,1717160186787
498,-0.03125,0.49609375,-0.0078125,0.0,8,1717160186787
498,-0.06640625,0.513671875,0.1328125,0.0,12,1717160186787
498,-0.107421875,0.515625,0.224609375,0.0,23,1717160186787
498,0.076171875,0.5078125,0.330078125,0.0,41,1717160186787
498,0.060546875,0.537109375,0.359375,0.0,63,1717160186787
498,0.171875,0.662109375,0.05859375,0.0,112,1717160186787
498,0.158203125,0.705078125,-0.05078125,0.0,142,1717160186787
498,0.16796875,0.724609375,-0.171875,0.0,77,1717160186787
498,0.451171875,0.353515625,0.560546875,0.0,35,1717160186787
498,0.419921875,0.611328125,0.392578125,0.0,58,1717160186787
498,0.439453125,0.69921875,0.296875,0.0,39,1717160186787
498,0.076171875,0.49609375,0.34765625,0.12520644037889672,22,1717160186787
498,0.060546875,0.525390625,0.375,0.12520644037889672,35,1717160186787
498,0.171875,0.658203125,0.091796875,0.12520644037889672,58,1717160186787
498,0.158203125,0.70703125,-0.02734375,0.12520644037889672,72,1717160186787
498,0.142578125,0.728515625,-0.17578125,0.12520644037889672,39,1717160186787
498,1.193359375,1.482421875,-0.140625,0.12520644037889672,23,1717160186787
498,1.966796875,3.40625,-0.001953125,0.12520644037889672,62,1717160186787
498,0.1640625,1.349609375,-1.111328125,0.25041288075779344,32,1717160186787
498,0.673828125,1.48828125,0.7421875,0.25041288075779344,39,1717160186787
498,0.630859375,1.314453125,1.109375,0.25041288075779344,43,1717160186787
498,0.525390625,1.216796875,1.3203125,0.25041288075779344,27,1717160186787
498,1.1328125,1.53515625,0.0,0.25041288075779344,26,1717160186787
498,0.50390625,0.62890625,1.603515625,0.37561932113669017,25,1717160186787
498,0.515625,0.171875,1.75,0.37561932113669017,38,1717160186787
498,-0.013671875,0.453125,0.072265625,0.5008257615155869,21,1717160186787
498,-0.03125,0.48828125,0.0859375,0.5008257615155869,23,1717160186787
498,-0.033203125,0.51171875,0.1484375,0.5008257615155869,14,1717160186787
498,0.111328125,0.822265625,1.58984375,0.5008257615155869,38,1717160186787
498,-0.013671875,0.447265625,0.09375,0.6260322018944836,68,1717160186787
498,-0.03125,0.484375,0.107421875,0.6260322018944836,71,1717160186787
498,-0.033203125,0.513671875,0.14453125,0.6260322018944836,39,1717160186787
498,0.1640625,0.494140625,1.677734375,0.6260322018944836,36,1717160186787
498,0.16796875,0.908203125,1.5390625,0.6260322018944836,44,1717160186787
498,0.171875,1.162109375,1.40625,0.6260322018944836,36,1717160186787
498,-0.029296875,0.4453125,0.103515625,0.7512386422733803,57,1717160186787
498,-0.03125,0.48046875,0.12109375,0.7512386422733803,59,1717160186787
498,-0.06640625,0.453125,0.275390625,0.7512386422733803,37,1717160186787
498,-0.107421875,0.369140625,0.423828125,0.7512386422733803,71,1717160186787
498,-0.115234375,0.40234375,0.4453125,0.7512386422733803,97,1717160186787
498,-0.12109375,0.466796875,0.435546875,0.7512386422733803,60,1717160186787
498,0.16796875,0.80078125,1.595703125,0.7512386422733803,39,1717160186787
498,0.0,0.455078125,0.044921875,0.876445082652277,10,1717160186787
498,0.046875,0.494140625,0.001953125,0.876445082652277,13,1717160186787
498,-0.099609375,0.25,0.4609375,0.876445082652277,96,1717160186787
498,-0.08984375,0.248046875,0.5078125,0.876445082652277,332,1717160186787
498,-0.095703125,0.24609375,0.55078125,0.876445082652277,518,1717160186787
498,-0.1015625,0.216796875,0.603515625,0.876445082652277,424,1717160186787
498,-0.0859375,0.140625,0.66796875,0.876445082652277,203,1717160186787
498,0.158203125,0.513671875,-0.486328125,0.876445082652277,132,1717160186787
498,0.16796875,0.0,-0.76171875,0.876445082652277,93,1717160186787
498,0.3515625,0.0,0.759765625,0.876445082652277,116,1717160186787
498,0.39453125,0.0,0.771484375,0.876445082652277,150,1717160186787
498,0.357421875,0.26171875,0.7578125,0.876445082652277,106,1717160186787
498,0.34375,0.62109375,-0.580078125,0.876445082652277,86,1717160186787
498,-0.033203125,0.533203125,-0.015625,-1.0016515230311738,127,1717160186787
498,-0.03515625,0.5703125,-0.01953125,-1.0016515230311738,432,1717160186787
498,-0.0390625,0.609375,-0.013671875,-1.0016515230311738,663,1717160186787
498,-0.041015625,0.646484375,-0.01953125,-1.0016515230311738,525,1717160186787
498,0.150390625,0.646484375,0.1796875,-1.0016515230311738,390,1717160186787
498,0.181640625,0.6640625,0.2265625,-1.0016515230311738,650,1717160186787
498,0.21484375,0.705078125,0.197265625,-1.0016515230311738,583,1717160186787
498,0.400390625,0.69140625,0.0703125,-1.0016515230311738,408,1717160186787
500,-0.03125,0.4375,0.232421875,0.0,17,1717160186888
500,0.16796875,0.423828125,0.279296875,0.0,33,1717160186888
500,0.1796875,0.4296875,0.33203125,0.0,64,1717160186888
500,0.228515625,0.32421875,0.462890625,0.0,62,1717160186888
500,0.283203125,0.1953125,-0.548828125,0.0,78,1717160186888
500,0.236328125,0.54296875,-0.349609375,0.0,95,1717160186888
500,0.203125,0.662109375,-0.21484375,0.0,74,1717160186888
500,0.19140625,0.73828125,0.009765625,0.0,39,1717160186888
500,0.7265625,0.0,0.646484375,0.0,67,1717160186888
500,0.787109375,0.0,0.697265625,0.0,95,1717160186888
500,0.822265625,0.0,0.732421875,0.0,72,1717160186888
500,0.859375,0.0,0.7578125,0.0,32,1717160186888
500,0.16796875,0.42578125,0.275390625,0.12520644037889672,19,1717160186888
500,0.1796875,0.421875,0.341796875,0.12520644037889672,35,1717160186888
500,0.2109375,0.392578125,0.41796875,0.12520644037889672,36,1717160186888
500,0.283203125,0.0,0.609375,0.12520644037889672,36,1717160186888
500,0.30078125,0.0,-0.646484375,0.12520644037889672,34,1717160186888
500,0.513671875,1.169921875,-1.03125,0.12520644037889672,36,1717160186888
500,1.208984375,1.041015625,-2.513671875,0.25041288075779344,58,1717160186888
500,1.130859375,0.87109375,-2.65625,0.25041288075779344,87,1717160186888
500,1.14453125,0.734375,-2.734375,0.25041288075779344,89,1717160186888
500,1.255859375,0.923828125,-2.669921875,0.25041288075779344,64,1717160186888
500,1.369140625,1.021484375,-2.623046875,0.25041288075779344,39,1717160186888
500,0.578125,0.67578125,-1.42578125,0.37561932113669017,51,1717160186888
500,0.58984375,0.49609375,-1.53515625,0.37561932113669017,44,1717160186888
500,1.130859375,1.150390625,-2.548828125,0.37561932113669017,82,1717160186888
500,1.05078125,1.17578125,-2.6171875,0.37561932113669017,75,1717160186888
500,0.578125,0.0,-1.580078125,0.5008257615155869,59,1717160186888
500,0.58984375,0.0,-1.640625,0.5008257615155869,69,1717160186888
500,0.603515625,0.27734375,-1.625,0.5008257615155869,43,1717160186888
500,0.578125,0.916015625,1.283203125,0.6260322018944836,49,1717160186888
500,0.58984375,0.0546875,1.611328125,0.6260322018944836,67,1717160186888
500,0.603515625,0.0,-1.73828125,0.6260322018944836,57,1717160186888
500,0.16015625,0.51171875,-0.19921875,0.7512386422733803,15,1717160186888
500,0.537109375,0.0,1.658203125,0.7512386422733803,58,1717160186888
500,0.548828125,0.0,-1.73828125,0.7512386422733803,72,1717160186888
500,0.560546875,0.0,-1.767578125,0.7512386422733803,45,1717160186888
500,-0.029296875,0.2265625,0.396484375,0.876445082652277,68,1717160186888
500,-0.015625,0.181640625,0.4609375,0.876445082652277,214,1717160186888
500,-0.017578125,0.177734375,0.50390625,0.876445082652277,320,1717160186888
500,-0.017578125,0.0,-0.572265625,0.876445082652277,242,1717160186888
500,0.0,0.30078125,-0.53125,0.876445082652277,93,1717160186888
500,0.162109375,0.287109375,-0.55859375,0.876445082652277,49,1717160186888
500,0.171875,0.4609375,-0.48046875,0.876445082652277,78,1717160186888
500,0.537109375,0.09375,-1.62890625,0.876445082652277,37,1717160186888
500,0.548828125,0.0,-1.716796875,0.876445082652277,57,1717160186888
500,0.50390625,0.0,1.748046875,0.876445082652277,38,1717160186888
500,0.029296875,0.45703125,-0.017578125,-1.0016515230311738,160,1717160186888
500,0.046875,0.494140625,-0.00390625,-1.0016515230311738,543,1717160186888
500,0.05078125,0.53125,0.0078125,-1.0016515230311738,832,1717160186888
500,0.072265625,0.56640625,0.033203125,-1.0016515230311738,637,1717160186888
500,0.171875,0.58203125,0.0625,-1.0016515230311738,296,1717160186888
500,0.244140625,0.58984375,0.115234375,-1.0016515230311738,443,1717160186888
500,0.2578125,0.595703125,0.224609375,-1.0016515230311738,416,1717160186888
500,0.521484375,0.501953125,-0.052734375,-1.0016515230311738,336,1717160186888
500,0.548828125,0.52734375,-0.05859375,-1.0016515230311738,379,1717160186888
500,0.576171875,0.552734375,-0.068359375,-1.0016515230311738,246,1717160186888
500,0.013671875,0.45703125,0.017578125,-0.876445082652277,107,1717160186888
500,0.046875,0.4921875,0.041015625,-0.876445082652277,410,1717160186888
500,0.06640625,0.5234375,0.0859375,-0.876445082652277,711,1717160186888
500,0.142578125,0.54296875,0.109375,-0.876445082652277,838,1717160186888
500,0.2109375,0.56640625,0.091796875,-0.876445082652277,1059,1717160186888
500,0.244140625,0.587890625,0.130859375,-0.876445082652277,1050,1717160186888
500,0.2578125,0.607421875,0.19140625,-0.876445082652277,639,1717160186888
502,0.115234375,0.353515625,0.267578125,0.0,45,1717160186990
502,0.125,0.3671875,0.310546875,0.0,46,1717160186990
502,0.18359375,0.3671875,0.341796875,0.0,19,1717160186990
502,0.33984375,0.439453125,0.134765625,0.0,43,1717160186990
502,0.365234375,0.529296875,-0.08984375,0.0,96,1717160186990
502,0.38671875,0.5625,-0.08203125,0.0,107,1717160186990
502,0.408203125,0.595703125,-0.064453125,0.0,56,1717160186990
502,0.451171875,0.66015625,-0.0546875,0.0,66,1717160186990
502,0.099609375,0.333984375,0.296875,0.12520644037889672,23,1717160186990
502,0.125,0.341796875,0.337890625,0.12520644037889672,23,1717160186990
502,0.38671875,0.568359375,0.013671875,0.12520644037889672,37,1717160186990
502,0.36328125,0.62109375,0.099609375,0.12520644037889672,34,1717160186990
502,0.31640625,0.650390625,-0.05859375,0.25041288075779344,22,1717160186990
502,0.333984375,0.685546875,-0.017578125,0.25041288075779344,24,1717160186990
502,0.744140625,0.4609375,-1.203125,0.6260322018944836,53,1717160186990
502,0.763671875,0.541015625,-1.20703125,0.6260322018944836,50,1717160186990
502,0.294921875,0.814453125,2.203125,0.6260322018944836,39,1717160186990
502,0.224609375,0.80078125,2.2578125,0.6260322018944836,43,1717160186990
502,0.791015625,0.0,-1.373046875,0.7512386422733803,42,1717160186990
502,0.294921875,0.6640625,-2.251953125,0.7512386422733803,55,1717160186990
502,0.30078125,0.70703125,-2.279296875,0.7512386422733803,71,1717160186990
502,0.228515625,0.78515625,-2.302734375,0.7512386422733803,38,1717160186990
502,0.056640625,0.283203125,-0.35546875,0.876445082652277,17,1717160186990
502,0.015625,0.0703125,0.490234375,0.876445082652277,20,1717160186990
502,0.0,0.138671875,0.515625,0.876445082652277,13,1717160186990
502,0.30078125,1.390625,-1.939453125,0.876445082652277,36,1717160186990
502,0.078125,0.39453125,-0.1171875,-1.0016515230311738,175,1717160186990
502,0.099609375,0.435546875,-0.099609375,-1.0016515230311738,116,1717160186990
502,0.125,0.478515625,-0.044921875,-1.0016515230311738,60,1717160186990
502,0.05078125,0.515625,0.1328125,-1.0016515230311738,37,1717160186990
502,0.091796875,0.408203125,-0.041015625,-0.876445082652277,398,1717160186990
502,0.115234375,0.443359375,0.015625,-0.876445082652277,503,1717160186990
502,0.125,0.478515625,0.044921875,-0.876445082652277,409,1717160186990
502,0.1171875,0.521484375,-0.03125,-0.876445082652277,164,1717160186990
502,0.3046875,0.458984375,0.16015625,-0.876445082652277,135,1717160186990
502,0.142578125,0.431640625,0.060546875,-0.7512386422733803,648,1717160186990
502,0.169921875,0.46484375,0.037109375,-0.7512386422733803,678,1717160186990
502,0.25,0.46484375,0.08203125,-0.7512386422733803,516,1717160186990
502,0.287109375,0.482421875,0.111328125,-0.7512386422733803,766,1717160186990
502,0.3046875,0.515625,0.115234375,-0.7512386422733803,495,1717160186990
502,0.384765625,0.490234375,0.1796875,-0.7512386422733803,184,1717160186990
502,0.64453125,0.0,-0.7421875,-0.7512386422733803,107,1717160186990
502,0.30078125,0.0,0.748046875,-0.7512386422733803,83,1717160186990
502,0.171875,0.416015625,0.08203125,-0.6260322018944836,469,1717160186990
502,0.201171875,0.447265625,0.072265625,-0.6260322018944836,753,1717160186990
502,0.25,0.458984375,0.109375,-0.6260322018944836,1135,1717160186990
502,0.287109375,0.48046875,0.125,-0.6260322018944836,1293,1717160186990
502,0.32421875,0.49609375,0.14453125,-0.6260322018944836,796,1717160186990
502,0.40625,0.46875,0.1953125,-0.6260322018944836,403,1717160186990
502,0.408203125,0.1015625,0.54296875,-0.6260322018944836,145,1717160186990
502,0.634765625,0.248046875,-0.25,-0.6260322018944836,131,1717160186990
502,0.64453125,0.0,-0.591796875,-0.6260322018944836,140,1717160186990
502,0.626953125,0.0,-0.69140625,-0.6260322018944836,118,1717160186990
502,0.185546875,0.41015625,0.087890625,-0.5008257615155869,242,1717160186990
502,0.216796875,0.43359375,0.10546875,-0.5008257615155869,498,1717160186990
502,0.25,0.45703125,0.119140625,-0.5008257615155869,808,1717160186990
502,0.3046875,0.466796875,0.130859375,-0.5008257615155869,920,1717160186990
502,0.380859375,0.44921875,0.158203125,-0.5008257615155869,851,1717160186990
502,0.42578125,0.482421875,0.08203125,-0.5008257615155869,635,1717160186990
502,0.451171875,0.51171875,-0.080078125,-0.5008257615155869,354,1717160186990
502,0.453125,0.556640625,-0.107421875,-0.5008257615155869,160,1717160186990
502,0.66796875,0.0,0.6328125,-0.5008257615155869,104,1717160186990
502,0.701171875,0.0,0.7265625,-0.5008257615155869,102,1717160186990
502,0.171875,0.41015625,0.111328125,-0.37561932113669017,47,1717160186990
504,0.314453125,0.14453125,0.30078125,0.0,26,1717160187091
504,0.294921875,0.291015625,0.2734375,0.0,67,1717160187091
504,0.31640625,0.345703125,0.25390625,0.0,83,1717160187091
504,0.412109375,0.36328125,0.162109375,0.0,130,1717160187091
504,0.4765625,0.380859375,0.01953125,0.0,240,1717160187091
504,0.52734375,0.37890625,0.01171875,0.0,317,1717160187091
504,0.55859375,0.400390625,0.017578125,0.0,225,1717160187091
504,0.544921875,0.478515625,0.029296875,0.0,96,1717160187091
504,-0.740234375,0.0,0.64453125,0.0,70,1717160187091
504,0.294921875,0.271484375,0.29296875,0.12520644037889672,33,1717160187091
504,0.31640625,0.314453125,0.29296875,0.12520644037889672,42,1717160187091
504,0.357421875,0.365234375,0.2578125,0.12520644037889672,38,1717160187091
504,0.431640625,0.58203125,0.0390625,0.12520644037889672,45,1717160187091
504,0.453125,0.61328125,0.015625,0.12520644037889672,26,1717160187091
504,0.65234375,0.462890625,-0.0625,0.12520644037889672,13,1717160187091
504,-0.708984375,0.0,-0.75,0.12520644037889672,15,1717160187091
504,-0.767578125,0.0,-0.76171875,0.12520644037889672,15,1717160187091
504,0.38671875,0.56640625,0.048828125,0.25041288075779344,25,1717160187091
504,0.408203125,0.599609375,0.0078125,0.25041288075779344,34,1717160187091
504,0.40625,0.646484375,0.013671875,0.25041288075779344,24,1717160187091
504,0.568359375,0.32421875,-1.12109375,0.7512386422733803,16,1717160187091
504,0.58984375,0.080078125,-1.109375,0.876445082652277,18,1717160187091
504,0.609375,0.373046875,-1.083984375,0.876445082652277,21,1717160187091
504,0.12890625,0.318359375,-0.0234375,-0.7512386422733803,233,1717160187091
504,0.142578125,0.353515625,-0.01171875,-0.7512386422733803,297,1717160187091
504,0.158203125,0.388671875,0.005859375,-0.7512386422733803,170,1717160187091
504,0.185546875,0.416015625,0.052734375,-0.7512386422733803,27,1717160187091
504,0.12890625,0.318359375,-0.005859375,-0.6260322018944836,533,1717160187091
504,0.142578125,0.353515625,0.009765625,-0.6260322018944836,660,1717160187091
504,0.158203125,0.388671875,0.025390625,-0.6260322018944836,390,1717160187091
504,0.2578125,0.349609375,0.142578125,-0.6260322018944836,137,1717160187091
504,0.279296875,0.392578125,0.119140625,-0.6260322018944836,315,1717160187091
504,0.31640625,0.4140625,0.119140625,-0.6260322018944836,317,1717160187091
504,0.357421875,0.43359375,0.107421875,-0.6260322018944836,138,1717160187091
504,0.142578125,0.353515625,0.017578125,-0.5008257615155869,442,1717160187091
504,0.14453125,0.384765625,-0.0859375,-0.5008257615155869,269,1717160187091
504,0.271484375,0.34375,0.134765625,-0.5008257615155869,414,1717160187091
504,0.294921875,0.376953125,0.1328125,-0.5008257615155869,1001,1717160187091
504,0.31640625,0.40625,0.138671875,-0.5008257615155869,980,1717160187091
504,0.357421875,0.423828125,0.140625,-0.5008257615155869,387,1717160187091
504,0.271484375,0.3359375,0.15234375,-0.37561932113669017,415,1717160187091
504,0.294921875,0.3671875,0.15625,-0.37561932113669017,1017,1717160187091
504,0.31640625,0.390625,0.177734375,-0.37561932113669017,872,1717160187091
504,0.3046875,0.4453125,0.19140625,-0.37561932113669017,184,1717160187091
504,0.419921875,0.416015625,-0.15234375,-0.37561932113669017,278,1717160187091
504,0.623046875,0.0,-0.404296875,-0.37561932113669017,157,1717160187091
504,0.6796875,0.0,-0.533203125,-0.37561932113669017,171,1717160187091
504,0.740234375,0.0,-0.65625,-0.37561932113669017,121,1717160187091
504,0.271484375,0.32421875,0.173828125,-0.25041288075779344,143,1717160187091
504,0.279296875,0.36328125,0.193359375,-0.25041288075779344,323,1717160187091
504,0.267578125,0.310546875,0.341796875,-0.25041288075779344,189,1717160187091
504,0.39453125,0.412109375,-0.048828125,-0.25041288075779344,413,1717160187091
504,0.380859375,0.4765625,-0.03125,-0.25041288075779344,473,1717160187091
504,0.546875,0.306640625,-0.166015625,-0.25041288075779344,356,1717160187091
504,0.580078125,0.306640625,-0.205078125,-0.25041288075779344,366,1717160187091
504,0.634765625,0.15625,-0.314453125,-0.25041288075779344,224,1717160187091
504,-0.763671875,0.0,-0.650390625,-0.25041288075779344,121,1717160187091
504,0.3671875,0.38671875,0.033203125,-0.12520644037889672,137,1717160187091
504,0.375,0.4296875,0.05078125,-0.12520644037889672,292,1717160187091
504,0.515625,0.328125,-0.013671875,-0.12520644037889672,379,1717160187091
504,0.546875,0.34375,-0.05078125,-0.12520644037889672,574,1717160187091
504,0.580078125,0.36328125,-0.0625,-0.12520644037889672,451,1717160187091
504,0.56640625,0.447265625,-0.07421875,-0.12520644037889672,227,1717160187091
504,-0.69140625,0.0,0.701171875,-0.12520644037889672,134,1717160187091
505,0.34375,0.248046875,0.173828125,0.0,73,1717160187142
505,0.326171875,0.33203125,0.171875,0.0,51,1717160187142
505,0.494140625,0.474609375,-0.05859375,0.0,54,1717160187142
505,0.521484375,0.50390625,-0.017578125,0.0,51,1717160187142
505,0.548828125,0.53125,0.005859375,0.0,36,1717160187142
505,0.47265625,0.494140625,0.0625,0.12520644037889672,23,1717160187142
505,-0.6796875,0.04296875,-0.248046875,0.12520644037889672,14,1717160187142
505,0.748046875,0.99609375,0.185546875,-1.0016515230311738,17,1717160187142
505,0.5546875,1.005859375,0.28515625,-0.876445082652277,21,1717160187142
505,0.724609375,0.94921875,0.259765625,-0.876445082652277,28,1717160187142
505,0.787109375,0.951171875,0.248046875,-0.876445082652277,40,1717160187142
505,0.810546875,0.984375,0.240234375,-0.876445082652277,35,1717160187142
505,0.517578125,0.5703125,0.8984375,-0.7512386422733803,23,1717160187142
505,0.763671875,0.87890625,0.369140625,-0.7512386422733803,26,1717160187142
505,-1.251953125,0.0,-1.13671875,-0.7512386422733803,25,1717160187142
505,0.181640625,0.2890625,0.03515625,-0.5008257615155869,214,1717160187142
505,0.21484375,0.30859375,0.068359375,-0.5008257615155869,201,1717160187142
505,0.25,0.322265625,0.10546875,-0.5008257615155869,172,1717160187142
505,0.287109375,0.345703125,0.095703125,-0.5008257615155869,180,1717160187142
505,0.294921875,0.384765625,0.103515625,-0.5008257615155869,119,1717160187142
505,0.181640625,0.28515625,0.0625,-0.37561932113669017,411,1717160187142
505,0.21484375,0.3046875,0.080078125,-0.37561932113669017,397,1717160187142
505,0.25,0.28515625,0.181640625,-0.37561932113669017,272,1717160187142
505,0.314453125,0.314453125,0.111328125,-0.37561932113669017,349,1717160187142
505,0.388671875,0.30859375,0.013671875,-0.37561932113669017,240,1717160187142
505,0.501953125,0.0,-0.20703125,-0.37561932113669017,151,1717160187142
505,0.34375,0.283203125,0.10546875,-0.25041288075779344,427,1717160187142
505,0.388671875,0.296875,0.087890625,-0.25041288075779344,439,1717160187142
505,0.466796875,0.2578125,0.00390625,-0.25041288075779344,251,1717160187142
505,0.34375,0.25390625,0.166015625,-0.12520644037889672,244,1717160187142
505,0.388671875,0.26171875,0.1640625,-0.12520644037889672,255,1717160187142
505,0.41796875,0.310546875,0.123046875,-0.12520644037889672,177,1717160187142
505,0.494140625,0.46875,-0.095703125,-0.12520644037889672,92,1717160187142
505,0.521484375,0.501953125,-0.05859375,-0.12520644037889672,102,1717160187142
505,0.525390625,0.552734375,-0.037109375,-0.12520644037889672,81,1717160187142
505,0.109375,0.318359375,-0.365234375,0.0,28,1717160187142
505,-0.666015625,0.0,-0.6015625,0.0,50,1717160187142
505,-0.6796875,0.0,-0.623046875,0.0,49,1717160187142
505,-0.740234375,0.0,-0.673828125,0.0,28,1717160187142
505,0.666015625,0.0,-0.544921875,0.12520644037889672,20,1717160187142
505,0.498046875,0.515625,0.107421875,0.12520644037889672,12,1717160187142
505,0.923828125,0.736328125,0.060546875,-0.7512386422733803,18,1717160187142
505,0.708984375,0.986328125,0.5546875,-0.7512386422733803,22,1717160187142
505,0.310546875,0.345703125,0.173828125,-0.37561932113669017,203,1717160187142
505,0.283203125,0.388671875,0.232421875,-0.37561932113669017,150,1717160187142
505,0.171875,0.173828125,-0.38671875,-0.25041288075779344,251,1717160187142
505,0.201171875,0.1015625,-0.44140625,-0.25041288075779344,223,1717160187142
505,0.25,0.0,-0.494140625,-0.25041288075779344,134,1717160187142
505,0.171875,0.328125,-0.26953125,-0.12520644037889672,161,1717160187142
505,0.185546875,0.326171875,-0.32421875,-0.12520644037889672,133,1717160187142
505,-0.64453125,0.0,-0.669921875,-0.12520644037889672,74,1717160187142
505,-0.6796875,0.0,-0.716796875,-0.12520644037889672,81,1717160187142
505,-0.740234375,0.0,0.74609375,-0.12520644037889672,51,1717160187142
507,0.171875,0.296875,0.013671875,0.0,288,1717160187243
507,0.1796875,0.337890625,0.00390625,0.0,147,1717160187243
507,0.341796875,0.216796875,0.115234375,0.0,146,1717160187243
507,0.373046875,0.251953125,0.0859375,0.0,172,1717160187243
507,0.40234375,0.28125,0.064453125,0.0,153,1717160187243
507,0.43359375,0.306640625,0.052734375,0.0,104,1717160187243
507,0.46484375,0.333984375,0.0234375,0.0,57,1717160187243
507,0.373046875,0.2421875,0.111328125,0.12520644037889672,31,1717160187243
507,0.552734375,0.2578125,-0.0078125,0.12520644037889672,38,1717160187243
507,0.609375,0.22265625,-0.041015625,0.12520644037889672,66,1717160187243
507,0.64453125,0.201171875,-0.12890625,0.12520644037889672,56,1717160187243
507,0.703125,0.0,-0.337890625,0.12520644037889672,26,1717160187243
507,0.587890625,0.2734375,-0.001953125,0.25041288075779344,27,1717160187243
507,0.64453125,0.220703125,-0.09375,0.25041288075779344,26,1717160187243
507,0.171875,0.28515625,-0.083984375,-0.5008257615155869,13,1717160187243
507,0.15234375,0.26171875,-0.0390625,-0.37561932113669017,61,1717160187243
507,0.181640625,0.2890625,-0.025390625,-0.37561932113669017,78,1717160187243
507,0.26171875,0.26953125,0.064453125,-0.37561932113669017,74,1717160187243
507,0.328125,0.25,0.08203125,-0.37561932113669017,66,1717160187243
507,0.38671875,0.240234375,0.05078125,-0.37561932113669017,48,1717160187243
507,0.15234375,0.263671875,-0.029296875,-0.25041288075779344,374,1717160187243
507,0.171875,0.296875,-0.025390625,-0.25041288075779344,410,1717160187243
507,0.1796875,0.333984375,-0.052734375,-0.25041288075779344,232,1717160187243
507,0.328125,0.248046875,0.083984375,-0.25041288075779344,269,1717160187243
507,0.38671875,0.2421875,0.04296875,-0.25041288075779344,248,1717160187243
507,0.40234375,0.2890625,-0.021484375,-0.25041288075779344,172,1717160187243
507,0.171875,0.296875,-0.00390625,-0.12520644037889672,560,1717160187243
507,0.373046875,0.259765625,0.0625,-0.12520644037889672,334,1717160187243
507,0.40234375,0.2890625,0.025390625,-0.12520644037889672,276,1717160187243
507,0.43359375,0.310546875,0.009765625,-0.12520644037889672,185,1717160187243
507,0.568359375,0.310546875,-0.046875,-0.12520644037889672,101,1717160187243
507,0.130859375,0.318359375,-0.240234375,-0.37561932113669017,35,1717160187243
507,0.2265625,0.306640625,0.013671875,-0.25041288075779344,219,1717160187243
507,0.353515625,0.208984375,0.083984375,-0.25041288075779344,268,1717160187243
509,0.181640625,0.23828125,0.056640625,0.0,122,1717160187344
509,0.181640625,0.2890625,0.033203125,0.0,153,1717160187344
509,0.19140625,0.330078125,-0.0234375,0.0,124,1717160187344
509,0.18359375,0.31640625,-0.20703125,0.0,75,1717160187344
509,0.373046875,0.166015625,0.208984375,0.0,72,1717160187344
509,0.357421875,0.24609375,0.14453125,0.12520644037889672,23,1717160187344
509,0.623046875,0.23046875,-0.17578125,0.12520644037889672,13,1717160187344
509,0.658203125,0.240234375,-0.189453125,0.12520644037889672,16,1717160187344
509,0.869140625,0.42578125,0.455078125,-0.5008257615155869,22,1717160187344
509,0.150390625,0.220703125,-0.005859375,-0.37561932113669017,131,1717160187344
509,0.171875,0.251953125,-0.02734375,-0.37561932113669017,226,1717160187344
509,0.193359375,0.28125,-0.041015625,-0.37561932113669017,172,1717160187344
509,0.142578125,0.2265625,0.01171875,-0.25041288075779344,245,1717160187344
509,0.171875,0.251953125,-0.00390625,-0.25041288075779344,462,1717160187344
509,0.193359375,0.283203125,-0.01171875,-0.25041288075779344,399,1717160187344
509,0.203125,0.322265625,-0.025390625,-0.25041288075779344,198,1717160187344
509,0.373046875,0.244140625,0.109375,-0.25041288075779344,102,1717160187344
509,0.171875,0.251953125,0.021484375,-0.12520644037889672,326,1717160187344
509,0.193359375,0.283203125,0.015625,-0.12520644037889672,357,1717160187344
509,0.19140625,0.330078125,-0.029296875,-0.12520644037889672,245,1717160187344
509,0.38671875,0.16015625,0.1875,-0.12520644037889672,127,1717160187344
509,0.345703125,0.0,0.341796875,0.0,66,1717160187344
509,0.353515625,0.0,0.32421875,0.0,54,1717160187344
509,-0.330078125,0.0,-0.349609375,0.0,42,1717160187344
509,0.43359375,0.712890625,-0.66796875,-0.5008257615155869,20,1717160187344
509,0.345703125,0.0,0.298828125,-0.25041288075779344,101,1717160187344
509,-0.287109375,0.046875,-0.35546875,-0.25041288075779344,53,1717160187344
509,0.345703125,0.0,0.322265625,-0.12520644037889672,128,1717160187344
509,-0.314453125,0.0,-0.359375,-0.12520644037889672,77,1717160187344
511,0.21875,0.203125,0.064453125,0.0,191,1717160187446
511,0.2578125,0.21875,0.0625,0.0,207,1717160187446
511,0.298828125,0.232421875,0.056640625,0.0,160,1717160187446
511,0.341796875,0.224609375,0.09765625,0.0,142,1717160187446
511,0.38671875,0.203125,0.138671875,0.0,153,1717160187446
511,0.41796875,0.22265625,0.14453125,0.0,114,1717160187446
511,0.443359375,0.11328125,-0.009765625,0.12520644037889672,23,1717160187446
511,1.376953125,1.564453125,-0.255859375,-0.5008257615155869,26,1717160187446
511,1.40234375,1.60546875,-0.150390625,-0.5008257615155869,31,1717160187446
511,0.142578125,0.1640625,-0.07421875,-0.37561932113669017,380,1717160187446
511,0.16796875,0.19921875,-0.064453125,-0.37561932113669017,566,1717160187446
511,0.201171875,0.224609375,-0.048828125,-0.37561932113669017,447,1717160187446
511,0.21484375,0.265625,-0.037109375,-0.37561932113669017,187,1717160187446
511,0.40234375,0.2890625,0.01171875,-0.37561932113669017,79,1717160187446
511,0.43359375,0.3125,0.0,-0.37561932113669017,60,1717160187446
511,0.142578125,0.169921875,-0.052734375,-0.25041288075779344,622,1717160187446
511,0.16796875,0.205078125,-0.041015625,-0.25041288075779344,997,1717160187446
511,0.19140625,0.236328125,-0.02734375,-0.25041288075779344,880,1717160187446
511,0.224609375,0.259765625,-0.00390625,-0.25041288075779344,443,1717160187446
511,0.38671875,0.234375,0.07421875,-0.25041288075779344,217,1717160187446
511,0.40234375,0.283203125,0.0625,-0.25041288075779344,225,1717160187446
511,0.43359375,0.306640625,0.052734375,-0.25041288075779344,139,1717160187446
511,0.158203125,0.21484375,-0.01953125,-0.12520644037889672,565,1717160187446
511,0.201171875,0.23046875,0.009765625,-0.12520644037889672,610,1717160187446
511,0.24609375,0.236328125,0.0390625,-0.12520644037889672,476,1717160187446
511,0.298828125,0.236328125,0.037109375,-0.12520644037889672,302,1717160187446
511,0.353515625,0.203125,0.09765625,-0.12520644037889672,264,1717160187446
511,0.373046875,0.2421875,0.111328125,-0.12520644037889672,294,1717160187446
511,0.41796875,0.23828125,0.12109375,-0.12520644037889672,251,1717160187446
511,0.16796875,0.197265625,-0.28125,0.0,81,1717160187446
511,0.197265625,0.26171875,-0.263671875,0.0,82,1717160187446
511,0.17578125,0.201171875,-0.009765625,-0.12520644037889672,562,1717160187446
511,0.154296875,0.15625,-0.3125,-0.12520644037889672,157,1717160187446
511,0.197265625,0.21484375,-0.302734375,-0.12520644037889672,162,1717160187446
511,0.21484375,0.283203125,-0.2890625,-0.12520644037889672,150,1717160187446
513,0.150390625,0.146484375,0.09375,0.0,411,1717160187547
513,0.18359375,0.19140625,0.03125,0.0,451,1717160187547
513,0.2109375,0.220703125,0.015625,0.0,262,1717160187547
513,0.3671875,0.0,0.220703125,0.12520644037889672,37,1717160187547
513,0.400390625,0.12890625,0.181640625,0.12520644037889672,42,1717160187547
513,0.41796875,0.224609375,0.142578125,0.12520644037889672,23,1717160187547
513,0.125,0.0,0.1875,-0.37561932113669017,36,1717160187547
513,0.142578125,0.0,0.201171875,-0.37561932113669017,62,1717160187547
513,0.17578125,0.076171875,0.1875,-0.37561932113669017,56,1717160187547
513,1.427734375,1.37109375,-0.166015625,-0.37561932113669017,29,1717160187547
513,1.455078125,1.35546875,-0.375,-0.37561932113669017,51,1717160187547
513,1.482421875,1.373046875,-0.41015625,-0.37561932113669017,57,1717160187547
513,1.509765625,1.41796875,-0.345703125,-0.37561932113669017,43,1717160187547
513,0.150390625,0.1015625,0.140625,-0.25041288075779344,497,1717160187547
513,0.18359375,0.193359375,0.01953125,-0.25041288075779344,524,1717160187547
513,0.2109375,0.220703125,-0.017578125,-0.25041288075779344,293,1717160187547
513,1.455078125,1.39453125,-0.18359375,-0.25041288075779344,67,1717160187547
513,1.41796875,1.484375,-0.197265625,-0.25041288075779344,70,1717160187547
513,0.150390625,0.142578125,0.095703125,-0.12520644037889672,775,1717160187547
513,0.17578125,0.201171875,0.01953125,-0.12520644037889672,840,1717160187547
513,0.2109375,0.22265625,0.0,-0.12520644037889672,483,1717160187547
